{
    "acc": 0.8055865921787709,
    "precision survie": 0.9165154264972777,
    "precision rip": 0.627906976744186,
    "rappel survie": 0.7977883096366508,
    "rappel rip": 0.8244274809160306
}